,Cloudiness,Date,Humidity,Lat,Lng,Max Temp,Wind Speed
0,92,1533776961,99,4.89,-1.75,76.02,8.75
1,0,1533776961,94,30.78,31.0,70.3,2.82
2,0,1533776961,80,51.2,49.73,59.91,9.86
3,20,1533774600,87,53.25,50.49,55.4,13.42
4,92,1533776961,99,4.89,-1.75,76.02,8.75
5,12,1533776962,77,73.51,80.55,50.73,19.37
6,8,1533776962,67,-46.43,-67.52,45.69,14.12
7,0,1533776962,45,28.42,30.79,77.28,10.87
8,48,1533776962,89,53.68,53.66,54.96,12.44
9,12,1533776962,77,73.51,80.55,50.73,19.37
10,92,1533776963,100,-7.93,-14.42,76.83,19.48
11,8,1533776963,100,4.42,-7.36,77.86,11.32
12,92,1533776963,100,66.83,70.83,48.21,23.51
13,0,1533776961,80,51.2,49.73,59.91,9.86
14,75,1533772800,60,-54.81,-68.31,41.0,17.22
15,75,1533772800,60,-54.81,-68.31,41.0,17.22
16,92,1533776963,100,-7.93,-14.42,76.83,19.48
17,8,1533776962,67,-46.43,-67.52,45.69,14.12
18,12,1533776962,77,73.51,80.55,50.73,19.37
19,32,1533776964,82,60.87,60.43,48.25,6.62
20,92,1533776964,99,-21.64,-41.05,73.36,13.67
21,92,1533776964,100,56.88,56.58,56.22,10.76
22,92,1533776963,100,-7.93,-14.42,76.83,19.48
23,8,1533776964,89,14.12,15.31,74.22,8.63
24,75,1533772800,88,-22.97,-42.02,69.8,12.75
25,75,1533772800,60,-54.81,-68.31,41.0,17.22
26,75,1533772800,60,-54.81,-68.31,41.0,17.22
27,0,1533772800,69,35.36,35.93,78.8,5.82
28,40,1533776400,78,-3.71,-38.6,78.8,9.17
29,75,1533772800,88,-22.97,-42.02,69.8,12.75
30,12,1533776962,77,73.51,80.55,50.73,19.37
31,75,1533772800,60,-54.81,-68.31,41.0,17.22
32,0,1533772200,44,37.03,36.63,78.8,17.22
33,20,1533772800,94,5.79,0.9,75.2,12.75
34,75,1533772800,60,-54.81,-68.31,41.0,17.22
35,12,1533776962,77,73.51,80.55,50.73,19.37
36,75,1533772800,60,-54.81,-68.31,41.0,17.22
37,75,1533772800,60,-54.81,-68.31,41.0,17.22
38,48,1533776966,95,54.57,54.53,55.18,13.11
39,0,1533776962,45,28.42,30.79,77.28,10.87
40,8,1533776964,89,14.12,15.31,74.22,8.63
41,92,1533776961,99,4.89,-1.75,76.02,8.75
42,12,1533776962,77,73.51,80.55,50.73,19.37
43,0,1533772800,82,57.46,28.17,57.2,4.47
44,75,1533772800,60,-54.81,-68.31,41.0,17.22
45,0,1533772200,44,37.03,36.63,78.8,17.22
46,75,1533772800,60,-54.81,-68.31,41.0,17.22
47,75,1533772800,60,-54.81,-68.31,41.0,17.22
48,75,1533772800,60,-54.81,-68.31,41.0,17.22
49,76,1533776967,99,-17.73,-39.27,76.33,10.76
50,92,1533776967,95,-30.17,-50.22,62.38,4.83
51,40,1533772800,78,31.42,31.81,80.6,8.05
52,12,1533776962,77,73.51,80.55,50.73,19.37
53,20,1533772200,58,36.22,36.17,84.2,9.17
54,88,1533776877,95,-33.69,-53.46,53.56,11.54
55,75,1533772800,60,-54.81,-68.31,41.0,17.22
56,75,1533772800,88,-22.97,-42.02,69.8,12.75
57,75,1533772800,60,-54.81,-68.31,41.0,17.22
58,75,1533772800,60,-54.81,-68.31,41.0,17.22
59,92,1533776963,100,-7.93,-14.42,76.83,19.48
60,75,1533772800,60,-54.81,-68.31,41.0,17.22
61,88,1533776877,95,-33.69,-53.46,53.56,11.54
62,92,1533776963,100,-7.93,-14.42,76.83,19.48
63,75,1533772800,88,-22.97,-42.02,69.8,12.75
64,8,1533776962,67,-46.43,-67.52,45.69,14.12
65,92,1533776964,99,-21.64,-41.05,73.36,13.67
66,92,1533776969,97,4.87,-2.24,77.46,11.54
67,0,1533776969,39,25.34,30.55,78.81,5.73
68,92,1533776963,100,-7.93,-14.42,76.83,19.48
69,12,1533776962,77,73.51,80.55,50.73,19.37
70,80,1533776969,74,59.94,60.08,51.13,5.39
71,0,1533776969,92,13.32,12.61,71.74,8.3
72,8,1533776963,100,4.42,-7.36,77.86,11.32
73,75,1533772800,60,-54.81,-68.31,41.0,17.22
74,75,1533772800,60,-54.81,-68.31,41.0,17.22
75,92,1533776963,100,-7.93,-14.42,76.83,19.48
76,92,1533776970,91,7.37,7.63,74.94,7.96
77,88,1533776970,92,6.26,6.15,74.31,7.96
78,0,1533776970,73,50.14,48.57,61.71,9.19
79,12,1533776962,77,73.51,80.55,50.73,19.37
80,8,1533776962,67,-46.43,-67.52,45.69,14.12
81,92,1533776963,100,-7.93,-14.42,76.83,19.48
82,92,1533776963,100,-7.93,-14.42,76.83,19.48
83,92,1533776963,100,66.83,70.83,48.21,23.51
84,75,1533772800,60,-54.81,-68.31,41.0,17.22
85,8,1533776964,89,14.12,15.31,74.22,8.63
86,92,1533776963,100,-7.93,-14.42,76.83,19.48
87,75,1533772800,60,-54.81,-68.31,41.0,17.22
88,92,1533776963,100,-7.93,-14.42,76.83,19.48
89,75,1533772800,60,-54.81,-68.31,41.0,17.22
90,92,1533776963,100,-7.93,-14.42,76.83,19.48
91,24,1533776972,96,-38.55,-58.74,44.07,18.48
92,92,1533776963,100,-7.93,-14.42,76.83,19.48
93,75,1533772800,60,-54.81,-68.31,41.0,17.22
94,92,1533776972,96,40.26,40.22,54.87,2.48
95,8,1533776963,100,4.42,-7.36,77.86,11.32
96,90,1533774600,94,41.67,41.69,71.6,6.93
97,75,1533772800,60,-54.81,-68.31,41.0,17.22
98,0,1533776972,86,65.4,64.7,47.76,16.58
99,75,1533772800,60,-54.81,-68.31,41.0,17.22
100,24,1533776972,96,-38.55,-58.74,44.07,18.48
101,80,1533776969,74,59.94,60.08,51.13,5.39
102,75,1533772800,60,-54.81,-68.31,41.0,17.22
103,92,1533776967,95,-30.17,-50.22,62.38,4.83
104,75,1533772800,60,-54.81,-68.31,41.0,17.22
105,92,1533776963,100,-7.93,-14.42,76.83,19.48
106,92,1533776963,100,-7.93,-14.42,76.83,19.48
107,75,1533774600,94,42.2,42.2,69.8,4.7
108,76,1533776967,99,-17.73,-39.27,76.33,10.76
109,75,1533772800,60,-54.81,-68.31,41.0,17.22
110,92,1533776961,99,4.89,-1.75,76.02,8.75
111,75,1533772800,60,-54.81,-68.31,41.0,17.22
112,92,1533776963,100,-7.93,-14.42,76.83,19.48
113,12,1533776962,77,73.51,80.55,50.73,19.37
114,40,1533772800,78,31.42,31.81,80.6,8.05
115,92,1533776963,100,-7.93,-14.42,76.83,19.48
116,32,1533776974,28,29.03,21.55,91.0,11.1
117,88,1533776877,95,-33.69,-53.46,53.56,11.54
118,92,1533776963,100,-7.93,-14.42,76.83,19.48
119,68,1533776974,45,47.32,47.38,75.25,11.77
120,12,1533776962,77,73.51,80.55,50.73,19.37
121,20,1533772200,58,36.49,36.19,84.2,9.17
122,92,1533776963,100,-7.93,-14.42,76.83,19.48
123,32,1533776975,40,45.92,47.05,79.48,11.88
124,75,1533772800,88,-22.97,-42.02,69.8,12.75
125,75,1533772800,88,-22.97,-42.02,69.8,12.75
126,92,1533776975,98,66.56,67.8,48.34,13.33
127,0,1533776969,92,13.32,12.61,71.74,8.3
128,32,1533776974,28,29.03,21.55,91.0,11.1
129,75,1533772800,60,-54.81,-68.31,41.0,17.22
130,0,1533776975,78,60.91,61.52,50.19,5.17
131,0,1533776972,86,65.4,64.7,47.76,16.58
132,76,1533776976,94,67.55,63.78,45.78,10.65
133,76,1533776976,50,47.24,47.04,75.84,12.33
134,92,1533776976,100,56.0,55.92,59.41,1.7
135,48,1533776704,79,63.19,64.42,53.11,6.85
136,92,1533776963,100,-7.93,-14.42,76.83,19.48
137,75,1533772800,60,-54.81,-68.31,41.0,17.22
138,75,1533772800,60,-54.81,-68.31,41.0,17.22
139,12,1533776962,77,73.51,80.55,50.73,19.37
140,12,1533776962,77,73.51,80.55,50.73,19.37
141,92,1533776963,100,-7.93,-14.42,76.83,19.48
142,8,1533776964,89,14.12,15.31,74.22,8.63
143,0,1533772800,69,35.36,35.93,78.8,5.82
144,92,1533776977,97,58.37,58.33,54.24,11.65
145,76,1533776967,99,-17.73,-39.27,76.33,10.76
146,75,1533772800,60,-54.81,-68.31,41.0,17.22
147,92,1533776964,99,-21.64,-41.05,73.36,13.67
148,75,1533772800,88,-22.97,-42.02,69.8,12.75
149,75,1533772800,60,-54.81,-68.31,41.0,17.22
150,75,1533772800,60,-54.81,-68.31,41.0,17.22
151,0,1533776969,92,13.32,12.61,71.74,8.3
152,0,1533776978,73,38.2,37.19,59.46,11.65
153,92,1533776978,99,11.75,11.96,70.03,0.13
154,75,1533772800,60,-54.81,-68.31,41.0,17.22
155,24,1533776972,96,-38.55,-58.74,44.07,18.48
156,0,1533776962,45,28.42,30.79,77.28,10.87
157,75,1533772800,60,-54.81,-68.31,41.0,17.22
158,75,1533772800,60,-54.81,-68.31,41.0,17.22
159,92,1533776963,100,66.83,70.83,48.21,23.51
160,90,1533774600,94,41.67,41.69,71.6,6.93
161,40,1533776400,78,-3.71,-38.6,78.8,9.17
162,64,1533776979,96,8.5,8.51,69.99,4.27
163,92,1533776963,100,-7.93,-14.42,76.83,19.48
164,32,1533776975,40,45.92,47.05,79.48,11.88
165,75,1533772800,60,-54.81,-68.31,41.0,17.22
166,75,1533772800,60,-54.81,-68.31,41.0,17.22
167,75,1533772800,60,-54.81,-68.31,41.0,17.22
168,75,1533772800,60,-54.81,-68.31,41.0,17.22
169,32,1533776974,28,29.03,21.55,91.0,11.1
170,75,1533772800,60,-54.81,-68.31,41.0,17.22
171,92,1533776963,100,-7.93,-14.42,76.83,19.48
172,75,1533772800,60,-54.81,-68.31,41.0,17.22
173,12,1533776962,77,73.51,80.55,50.73,19.37
174,75,1533772800,60,-54.81,-68.31,41.0,17.22
175,92,1533776963,100,66.83,70.83,48.21,23.51
176,92,1533776963,100,66.83,70.83,48.21,23.51
177,92,1533776963,100,-7.93,-14.42,76.83,19.48
178,40,1533776400,78,-3.71,-38.6,78.8,9.17
179,88,1533776877,95,-33.69,-53.46,53.56,11.54
180,92,1533776963,100,-7.93,-14.42,76.83,19.48
181,8,1533776962,67,-46.43,-67.52,45.69,14.12
182,75,1533772800,60,-54.81,-68.31,41.0,17.22
183,12,1533776962,77,73.51,80.55,50.73,19.37
184,0,1533776961,80,51.2,49.73,59.91,9.86
185,92,1533776963,100,-7.93,-14.42,76.83,19.48
186,20,1533776981,96,5.26,-0.76,72.73,8.19
187,40,1533776400,78,-3.71,-38.6,78.8,9.17
188,75,1533772800,88,43.56,43.59,62.6,11.18
189,0,1533776972,86,65.4,64.7,47.76,16.58
190,88,1533776877,95,-33.69,-53.46,53.56,11.54
191,12,1533776962,77,73.51,80.55,50.73,19.37
192,80,1533776981,96,5.52,5.75,73.09,5.5
193,75,1533772800,60,-54.81,-68.31,41.0,17.22
194,80,1533776981,96,5.52,5.75,73.09,5.5
195,40,1533772800,78,31.42,31.81,80.6,8.05
196,20,1533776982,47,46.16,39.17,74.49,16.46
197,0,1533774000,39,37.01,37.79,78.8,9.17
198,92,1533776963,100,66.83,70.83,48.21,23.51
199,12,1533776962,77,73.51,80.55,50.73,19.37
200,75,1533772800,60,-54.81,-68.31,41.0,17.22
201,75,1533772800,60,-54.81,-68.31,41.0,17.22
202,92,1533776982,98,57.36,57.24,55.99,14.45
203,48,1533776982,78,13.04,8.32,76.47,7.4
204,75,1533772800,60,-54.81,-68.31,41.0,17.22
205,75,1533772800,60,-54.81,-68.31,41.0,17.22
206,92,1533776963,100,-7.93,-14.42,76.83,19.48
207,75,1533772800,88,-22.97,-42.02,69.8,12.75
208,75,1533772800,88,-22.97,-42.02,69.8,12.75
209,8,1533776964,89,14.12,15.31,74.22,8.63
210,12,1533776962,77,73.51,80.55,50.73,19.37
211,75,1533774600,94,42.2,42.2,69.8,4.7
212,75,1533772800,60,-54.81,-68.31,41.0,17.22
213,76,1533776976,94,67.55,63.78,45.78,10.65
214,20,1533774600,87,53.25,50.49,55.4,13.42
215,0,1533774000,39,37.06,37.38,78.8,9.17
216,92,1533776963,100,-7.93,-14.42,76.83,19.48
217,12,1533776962,77,73.51,80.55,50.73,19.37
218,0,1533776962,45,28.42,30.79,77.28,10.87
219,40,1533776400,78,-3.71,-38.6,78.8,9.17
220,92,1533776984,99,56.5,56.08,57.88,15.57
221,12,1533776962,77,73.51,80.55,50.73,19.37
222,92,1533776969,97,4.87,-2.24,77.46,11.54
223,92,1533776963,100,-7.93,-14.42,76.83,19.48
224,75,1533772800,60,-54.81,-68.31,41.0,17.22
225,75,1533772800,60,-54.81,-68.31,41.0,17.22
226,75,1533772800,60,-54.81,-68.31,41.0,17.22
227,12,1533776962,77,73.51,80.55,50.73,19.37
228,12,1533776962,77,73.51,80.55,50.73,19.37
229,75,1533772800,60,-54.81,-68.31,41.0,17.22
230,48,1533776962,89,53.68,53.66,54.96,12.44
231,48,1533776985,85,66.66,66.39,48.66,13.89
232,20,1533772800,94,5.79,0.9,75.2,12.75
233,48,1533776704,79,63.19,64.42,53.11,6.85
234,92,1533776963,100,-7.93,-14.42,76.83,19.48
235,8,1533776962,67,-46.43,-67.52,45.69,14.12
236,75,1533772800,60,-54.81,-68.31,41.0,17.22
237,12,1533776962,77,73.51,80.55,50.73,19.37
238,32,1533776986,82,60.7,60.42,48.25,6.62
239,12,1533776962,77,73.51,80.55,50.73,19.37
240,92,1533776963,100,66.83,70.83,48.21,23.51
241,75,1533772800,60,-54.81,-68.31,41.0,17.22
242,48,1533776962,89,53.68,53.66,54.96,12.44
243,8,1533776964,89,14.12,15.31,74.22,8.63
244,8,1533776964,89,14.12,15.31,74.22,8.63
245,8,1533776962,67,-46.43,-67.52,45.69,14.12
246,12,1533776962,77,73.51,80.55,50.73,19.37
247,8,1533776964,89,14.12,15.31,74.22,8.63
248,88,1533776877,95,-33.69,-53.46,53.56,11.54
249,20,1533772200,58,36.49,36.19,84.2,9.17
250,92,1533776963,100,66.83,70.83,48.21,23.51
251,75,1533772800,60,-54.81,-68.31,41.0,17.22
252,0,1533776961,80,51.2,49.73,59.91,9.86
253,76,1533776976,50,47.24,47.04,75.84,12.33
254,76,1533776976,50,47.24,47.04,75.84,12.33
255,90,1533774600,94,41.19,40.99,71.6,6.93
256,92,1533776963,100,-7.93,-14.42,76.83,19.48
257,92,1533776963,100,66.83,70.83,48.21,23.51
258,75,1533772800,88,-22.97,-42.02,69.8,12.75
259,92,1533776963,100,-7.93,-14.42,76.83,19.48
260,92,1533776982,98,57.36,57.24,55.99,14.45
261,92,1533776963,100,-7.93,-14.42,76.83,19.48
262,92,1533776963,100,-7.93,-14.42,76.83,19.48
263,48,1533776985,85,66.66,66.39,48.66,13.89
264,75,1533774600,94,42.21,42.35,69.8,4.7
265,75,1533774000,73,41.02,40.52,73.4,4.7
266,40,1533776400,78,-3.71,-38.6,78.8,9.17
267,32,1533776974,28,29.03,21.55,91.0,11.1
268,90,1533774600,94,41.67,41.69,71.6,6.93
269,92,1533776989,99,58.11,57.8,54.69,10.2
270,76,1533776967,99,-17.73,-39.27,76.33,10.76
271,12,1533776962,77,73.51,80.55,50.73,19.37
272,12,1533776962,77,73.51,80.55,50.73,19.37
273,75,1533772800,60,-54.81,-68.31,41.0,17.22
274,75,1533772800,60,-54.81,-68.31,41.0,17.22
275,75,1533772800,60,-54.81,-68.31,41.0,17.22
276,75,1533772800,60,-54.81,-68.31,41.0,17.22
277,75,1533772800,60,-54.81,-68.31,41.0,17.22
278,92,1533776964,99,-21.64,-41.05,73.36,13.67
279,12,1533776962,77,73.51,80.55,50.73,19.37
280,12,1533776962,77,73.51,80.55,50.73,19.37
281,75,1533772800,88,-22.97,-42.02,69.8,12.75
282,75,1533772800,60,-54.81,-68.31,41.0,17.22
283,12,1533776962,77,73.51,80.55,50.73,19.37
284,36,1533776990,97,-34.48,-54.34,49.56,3.94
285,88,1533776990,92,54.12,54.12,54.46,13.44
286,75,1533772800,88,-22.97,-42.02,69.8,12.75
287,75,1533772800,88,-22.97,-42.02,69.8,12.75
288,20,1533774600,87,53.25,50.49,55.4,13.42
289,92,1533776963,100,-7.93,-14.42,76.83,19.48
290,8,1533776964,89,14.12,15.31,74.22,8.63
291,75,1533772800,60,-54.81,-68.31,41.0,17.22
292,48,1533776704,79,63.19,64.42,53.11,6.85
293,12,1533776962,77,73.51,80.55,50.73,19.37
294,92,1533776963,100,-7.93,-14.42,76.83,19.48
295,92,1533776991,99,6.86,7.39,72.19,5.73
296,12,1533776962,77,73.51,80.55,50.73,19.37
297,92,1533776963,100,-7.93,-14.42,76.83,19.48
298,0,1533776972,86,65.4,64.7,47.76,16.58
299,88,1533776991,98,10.31,9.85,67.02,2.59
300,75,1533772800,60,-54.81,-68.31,41.0,17.22
301,0,1533774000,49,38.35,38.32,71.6,20.8
302,92,1533776963,100,-7.93,-14.42,76.83,19.48
303,48,1533776982,78,13.04,8.32,76.47,7.4
304,20,1533776981,96,5.26,-0.76,72.73,8.19
305,75,1533772800,60,-54.81,-68.31,41.0,17.22
306,0,1533776992,94,30.68,30.94,70.3,2.82
307,92,1533776963,100,-7.93,-14.42,76.83,19.48
308,92,1533776963,100,-7.93,-14.42,76.83,19.48
309,75,1533772800,88,-22.97,-42.02,69.8,12.75
310,75,1533772800,88,-22.97,-42.02,69.8,12.75
311,75,1533772800,60,-54.81,-68.31,41.0,17.22
312,75,1533772800,60,-54.81,-68.31,41.0,17.22
313,0,1533776961,80,51.2,49.73,59.91,9.86
314,75,1533772800,60,-54.81,-68.31,41.0,17.22
315,8,1533776993,88,52.51,52.07,56.76,11.77
316,0,1533774000,49,38.35,38.32,71.6,20.8
317,92,1533776963,100,-7.93,-14.42,76.83,19.48
318,12,1533776993,95,52.53,52.75,55.32,10.42
319,36,1533776990,97,-34.48,-54.34,49.56,3.94
320,40,1533776400,78,-3.71,-38.6,78.8,9.17
321,88,1533776877,95,-33.69,-53.46,53.56,11.54
322,8,1533776962,67,-46.43,-67.52,45.69,14.12
323,0,1533776975,78,60.91,61.52,50.19,5.17
324,48,1533776982,78,13.04,8.32,76.47,7.4
325,40,1533776400,78,-3.71,-38.6,78.8,9.17
326,36,1533776990,97,-34.48,-54.34,49.56,3.94
327,75,1533772800,60,-54.81,-68.31,41.0,17.22
328,88,1533776877,95,-33.69,-53.46,53.56,11.54
329,75,1533772800,60,-54.81,-68.31,41.0,17.22
330,75,1533772800,60,-54.81,-68.31,41.0,17.22
331,92,1533776982,98,57.36,57.24,55.99,14.45
332,12,1533776962,77,73.51,80.55,50.73,19.37
333,92,1533776975,98,66.56,67.8,48.34,13.33
334,40,1533776400,78,-3.71,-38.6,78.8,9.17
335,0,1533776970,73,50.14,48.57,61.71,9.19
336,92,1533776963,100,-7.93,-14.42,76.83,19.48
337,12,1533776962,77,73.51,80.55,50.73,19.37
338,92,1533776963,100,66.83,70.83,48.21,23.51
339,92,1533776963,100,-7.93,-14.42,76.83,19.48
340,12,1533776962,77,73.51,80.55,50.73,19.37
341,75,1533772800,60,-54.81,-68.31,41.0,17.22
342,92,1533776977,97,58.37,58.33,54.24,11.65
343,92,1533776995,97,41.09,40.73,53.34,1.36
344,75,1533772800,60,-54.81,-68.31,41.0,17.22
345,75,1533772800,88,-22.97,-42.02,69.8,12.75
346,75,1533772800,60,-54.81,-68.31,41.0,17.22
347,48,1533776995,85,66.54,66.62,48.66,13.89
348,75,1533772800,60,-54.81,-68.31,41.0,17.22
349,8,1533776964,89,14.12,15.31,74.22,8.63
350,92,1533776963,100,-7.93,-14.42,76.83,19.48
351,12,1533776962,77,73.51,80.55,50.73,19.37
352,92,1533776963,100,-7.93,-14.42,76.83,19.48
353,68,1533776974,45,47.32,47.38,75.25,11.77
354,0,1533772200,44,37.03,36.63,78.8,17.22
355,0,1533772200,41,39.11,39.55,75.2,9.17
356,75,1533772800,88,-22.97,-42.02,69.8,12.75
357,24,1533776996,81,61.92,63.02,50.05,5.17
358,75,1533772800,60,-54.81,-68.31,41.0,17.22
359,8,1533776964,89,14.12,15.31,74.22,8.63
360,24,1533776997,62,44.78,41.17,71.79,9.86
361,36,1533776990,97,-34.48,-54.34,49.56,3.94
362,75,1533772800,60,-54.81,-68.31,41.0,17.22
363,32,1533776974,28,29.03,21.55,91.0,11.1
364,40,1533772800,78,31.42,31.81,80.6,8.05
365,12,1533776962,77,73.51,80.55,50.73,19.37
366,8,1533776962,67,-46.43,-67.52,45.69,14.12
367,92,1533776970,91,7.37,7.63,74.94,7.96
368,12,1533776962,77,73.51,80.55,50.73,19.37
369,75,1533772800,60,-54.81,-68.31,41.0,17.22
370,0,1533776970,73,50.14,48.57,61.71,9.19
371,80,1533776997,95,6.71,6.33,74.58,8.41
372,12,1533776962,77,73.51,80.55,50.73,19.37
373,88,1533776998,52,44.8,45.21,78.09,4.94
374,92,1533776967,95,-30.17,-50.22,62.38,4.83
375,92,1533776976,100,56.0,55.92,59.41,1.7
376,40,1533776400,78,-3.71,-38.6,78.8,9.17
377,75,1533772800,60,-54.81,-68.31,41.0,17.22
378,75,1533772800,60,-54.81,-68.31,41.0,17.22
379,75,1533772800,88,-22.97,-42.02,69.8,12.75
380,32,1533776974,28,29.03,21.55,91.0,11.1
381,8,1533776962,67,-46.43,-67.52,45.69,14.12
382,75,1533772800,60,-54.81,-68.31,41.0,17.22
383,48,1533776999,92,-32.03,-52.1,56.13,15.68
384,8,1533776964,89,14.12,15.31,74.22,8.63
385,75,1533772800,60,-54.81,-68.31,41.0,17.22
386,75,1533772800,60,-54.81,-68.31,41.0,17.22
387,92,1533776963,100,-7.93,-14.42,76.83,19.48
388,75,1533772800,60,-54.81,-68.31,41.0,17.22
389,68,1533776974,45,47.32,47.38,75.25,11.77
390,88,1533776991,98,10.31,9.85,67.02,2.59
391,12,1533776962,77,73.51,80.55,50.73,19.37
392,36,1533776990,97,-34.48,-54.34,49.56,3.94
393,92,1533776963,100,-7.93,-14.42,76.83,19.48
394,12,1533776962,77,73.51,80.55,50.73,19.37
395,92,1533776978,99,11.75,11.96,70.03,0.13
396,92,1533776972,96,40.26,40.22,54.87,2.48
397,12,1533776962,77,73.51,80.55,50.73,19.37
398,36,1533776990,97,-34.48,-54.34,49.56,3.94
399,0,1533776972,86,65.4,64.7,47.76,16.58
400,12,1533776962,77,73.51,80.55,50.73,19.37
401,12,1533776962,77,73.51,80.55,50.73,19.37
402,0,1533774000,39,37.06,37.38,78.8,9.17
403,12,1533776962,77,73.51,80.55,50.73,19.37
404,36,1533776990,97,-34.48,-54.34,49.56,3.94
405,44,1533777000,92,47.7,142.03,61.21,7.96
406,75,1533772800,60,-54.81,-68.31,41.0,17.22
407,92,1533776963,100,-7.93,-14.42,76.83,19.48
408,92,1533776963,100,-7.93,-14.42,76.83,19.48
409,76,1533776976,50,47.24,47.04,75.84,12.33
410,40,1533776400,78,-3.71,-38.6,78.8,9.17
411,12,1533776962,77,73.51,80.55,50.73,19.37
412,75,1533772800,60,-54.81,-68.31,41.0,17.22
413,12,1533776962,77,73.51,80.55,50.73,19.37
414,75,1533772800,60,-54.81,-68.31,41.0,17.22
415,92,1533776963,100,-7.93,-14.42,76.83,19.48
416,76,1533776967,99,-17.73,-39.27,76.33,10.76
417,75,1533772800,60,-54.81,-68.31,41.0,17.22
418,0,1533776975,78,60.91,61.52,50.19,5.17
419,75,1533772800,60,-54.81,-68.31,41.0,17.22
420,75,1533772800,60,-54.81,-68.31,41.0,17.22
421,12,1533776962,77,73.51,80.55,50.73,19.37
422,75,1533774600,94,42.2,42.2,69.8,4.7
423,88,1533776877,95,-33.69,-53.46,53.56,11.54
424,92,1533776963,100,66.83,70.83,48.21,23.51
425,48,1533776962,89,53.68,53.66,54.96,12.44
426,92,1533776963,100,-7.93,-14.42,76.83,19.48
427,75,1533772800,60,-54.81,-68.31,41.0,17.22
428,12,1533776962,77,73.51,80.55,50.73,19.37
429,92,1533776963,100,-7.93,-14.42,76.83,19.48
430,8,1533776962,67,-46.43,-67.52,45.69,14.12
431,75,1533772800,60,-54.81,-68.31,41.0,17.22
432,75,1533772800,60,-54.81,-68.31,41.0,17.22
433,75,1533772800,60,-54.81,-68.31,41.0,17.22
434,75,1533772800,60,-54.81,-68.31,41.0,17.22
435,75,1533772800,60,-54.81,-68.31,41.0,17.22
436,75,1533772800,60,-54.81,-68.31,41.0,17.22
437,0,1533776962,45,28.42,30.79,77.28,10.87
438,92,1533776963,100,-7.93,-14.42,76.83,19.48
439,12,1533776962,77,73.51,80.55,50.73,19.37
440,75,1533772800,60,-54.81,-68.31,41.0,17.22
441,0,1533774000,49,38.35,38.32,71.6,20.8
442,92,1533776969,97,4.87,-2.24,77.46,11.54
443,92,1533776963,100,66.83,70.83,48.21,23.51
444,75,1533772800,60,-54.81,-68.31,41.0,17.22
445,75,1533772800,60,-54.81,-68.31,41.0,17.22
446,8,1533776962,67,-46.43,-67.52,45.69,14.12
447,8,1533776962,67,-46.43,-67.52,45.69,14.12
448,20,1533776982,47,46.16,39.17,74.49,16.46
449,88,1533776877,95,-33.69,-53.46,53.56,11.54
450,40,1533772800,78,31.42,31.81,80.6,8.05
451,40,1533772800,78,31.42,31.81,80.6,8.05
452,8,1533776962,67,-46.43,-67.52,45.69,14.12
453,8,1533776964,89,14.12,15.31,74.22,8.63
454,12,1533776962,77,73.51,80.55,50.73,19.37
455,92,1533776961,99,4.89,-1.75,76.02,8.75
456,88,1533776998,52,44.8,45.21,78.09,4.94
457,36,1533776990,97,-34.48,-54.34,49.56,3.94
458,75,1533772800,60,-54.81,-68.31,41.0,17.22
459,75,1533772800,60,-54.81,-68.31,41.0,17.22
460,92,1533776963,100,66.83,70.83,48.21,23.51
461,0,1533772200,44,37.03,36.63,78.8,17.22
462,75,1533772800,60,-54.81,-68.31,41.0,17.22
463,75,1533772800,60,-54.81,-68.31,41.0,17.22
464,92,1533776963,100,-7.93,-14.42,76.83,19.48
465,92,1533776963,100,-7.93,-14.42,76.83,19.48
466,92,1533776963,100,-7.93,-14.42,76.83,19.48
467,75,1533772800,60,-54.81,-68.31,41.0,17.22
468,0,1533776962,45,28.42,30.79,77.28,10.87
469,40,1533772800,88,6.37,2.43,77.0,12.75
470,12,1533776962,77,73.51,80.55,50.73,19.37
471,75,1533772800,88,-22.97,-42.02,69.8,12.75
472,40,1533772800,78,31.42,31.81,80.6,8.05
473,75,1533772800,88,-22.97,-42.02,69.8,12.75
474,75,1533772800,60,-54.81,-68.31,41.0,17.22
475,92,1533776963,100,-7.93,-14.42,76.83,19.48
476,12,1533776962,77,73.51,80.55,50.73,19.37
477,88,1533776877,95,-33.69,-53.46,53.56,11.54
478,92,1533776964,100,56.88,56.58,56.22,10.76
479,92,1533776975,98,66.56,67.8,48.34,13.33
480,8,1533776964,89,14.12,15.31,74.22,8.63
481,75,1533772800,60,-54.81,-68.31,41.0,17.22
482,76,1533776967,99,-17.73,-39.27,76.33,10.76
483,76,1533776967,99,-17.73,-39.27,76.33,10.76
484,92,1533776961,99,4.89,-1.75,76.02,8.75
485,92,1533776963,100,-7.93,-14.42,76.83,19.48
486,76,1533777007,100,55.14,54.65,57.43,11.21
487,88,1533776991,98,10.31,9.85,67.02,2.59
488,20,1533772800,94,5.79,0.9,75.2,12.75
489,75,1533774600,94,42.41,42.38,69.8,4.7
490,0,1533776975,78,60.91,61.52,50.19,5.17
491,75,1533772800,60,-54.81,-68.31,41.0,17.22
492,92,1533776963,100,-7.93,-14.42,76.83,19.48
493,80,1533776981,96,5.52,5.75,73.09,5.5
494,75,1533772800,60,-54.81,-68.31,41.0,17.22
495,40,1533776400,78,-3.71,-38.6,78.8,9.17
496,75,1533772800,60,-54.81,-68.31,41.0,17.22
497,0,1533776992,94,30.68,30.94,70.3,2.82
498,75,1533772800,60,-54.81,-68.31,41.0,17.22
499,92,1533776963,100,-7.93,-14.42,76.83,19.48
500,8,1533776962,67,-46.43,-67.52,45.69,14.12
501,75,1533772800,88,-22.97,-42.02,69.8,12.75
502,92,1533776963,100,-7.93,-14.42,76.83,19.48
503,20,1533772200,58,36.49,36.19,84.2,9.17
504,75,1533772800,60,-54.81,-68.31,41.0,17.22
505,12,1533776962,77,73.51,80.55,50.73,19.37
506,0,1533776961,80,51.2,49.73,59.91,9.86
507,92,1533776963,100,-7.93,-14.42,76.83,19.48
508,92,1533776963,100,-7.93,-14.42,76.83,19.48
509,12,1533776962,77,73.51,80.55,50.73,19.37
510,8,1533776962,67,-46.43,-67.52,45.69,14.12
511,75,1533772800,60,-54.81,-68.31,41.0,17.22
512,68,1533776974,45,47.32,47.38,75.25,11.77
513,75,1533772800,88,-22.97,-42.02,69.8,12.75
514,88,1533777009,92,9.92,8.9,69.13,3.6
515,76,1533776967,99,-17.73,-39.27,76.33,10.76
516,76,1533776976,50,47.24,47.04,75.84,12.33
517,88,1533776877,95,-33.69,-53.46,53.56,11.54
518,68,1533776974,45,47.32,47.38,75.25,11.77
519,75,1533772800,60,-54.81,-68.31,41.0,17.22
520,0,1533776970,73,50.14,48.57,61.71,9.19
521,12,1533776962,77,73.51,80.55,50.73,19.37
522,92,1533777010,71,44.22,44.35,75.61,3.38
523,88,1533776998,52,44.8,45.21,78.09,4.94
524,75,1533772800,60,-54.81,-68.31,41.0,17.22
525,48,1533776982,78,13.04,8.32,76.47,7.4
526,92,1533776862,100,42.79,42.72,58.33,1.48
527,75,1533772800,88,-22.97,-42.02,69.8,12.75
528,48,1533776966,95,54.57,54.53,55.18,13.11
529,76,1533776976,50,47.24,47.04,75.84,12.33
530,75,1533772800,60,-54.81,-68.31,41.0,17.22
531,88,1533776877,95,-33.69,-53.46,53.56,11.54
532,75,1533772800,60,-54.81,-68.31,41.0,17.22
533,12,1533776962,77,73.51,80.55,50.73,19.37
534,32,1533776974,28,29.03,21.55,91.0,11.1
535,12,1533776962,77,73.51,80.55,50.73,19.37
536,80,1533776981,96,5.52,5.75,73.09,5.5
537,92,1533777011,99,55.42,55.54,59.14,10.76
538,76,1533776967,99,-17.73,-39.27,76.33,10.76
539,92,1533776963,100,-7.93,-14.42,76.83,19.48
540,48,1533776704,79,63.19,64.42,53.11,6.85
541,40,1533776400,78,-3.71,-38.6,78.8,9.17
542,75,1533772800,60,-54.81,-68.31,41.0,17.22
543,8,1533776963,100,4.42,-7.36,77.86,11.32
544,48,1533776704,79,63.19,64.42,53.11,6.85
545,44,1533777000,92,47.7,142.03,61.21,7.96
546,75,1533772800,60,-54.81,-68.31,41.0,17.22
547,75,1533772800,88,-22.97,-42.02,69.8,12.75
548,75,1533772800,60,-54.81,-68.31,41.0,17.22
549,75,1533774600,94,42.2,42.2,69.8,4.7
550,12,1533776962,77,73.51,80.55,50.73,19.37
551,75,1533772800,60,-54.81,-68.31,41.0,17.22
552,92,1533776963,100,66.83,70.83,48.21,23.51
553,92,1533776963,100,-7.93,-14.42,76.83,19.48
554,8,1533776964,89,14.12,15.31,74.22,8.63
555,0,1533776962,45,28.42,30.79,77.28,10.87
556,56,1533777013,85,61.17,46.39,50.01,7.96
557,75,1533772800,60,-54.81,-68.31,41.0,17.22
558,92,1533776963,100,66.83,70.83,48.21,23.51
559,92,1533776975,98,66.56,67.8,48.34,13.33
560,75,1533772800,60,-54.81,-68.31,41.0,17.22
561,75,1533772800,60,-54.81,-68.31,41.0,17.22
562,92,1533776963,100,-7.93,-14.42,76.83,19.48
563,75,1533772800,60,-54.81,-68.31,41.0,17.22
564,88,1533776877,95,-33.69,-53.46,53.56,11.54
565,92,1533776963,100,-7.93,-14.42,76.83,19.48
566,92,1533776963,100,-7.93,-14.42,76.83,19.48
567,12,1533776962,77,73.51,80.55,50.73,19.37
568,75,1533772800,60,-54.81,-68.31,41.0,17.22
569,8,1533776962,67,-46.43,-67.52,45.69,14.12
570,0,1533776970,73,50.14,48.57,61.71,9.19
571,92,1533776963,100,-7.93,-14.42,76.83,19.48
572,0,1533772800,47,27.27,31.15,80.6,11.41
573,40,1533776400,78,-3.71,-38.6,78.8,9.17
574,90,1533774600,94,41.19,40.99,71.6,6.93
575,92,1533776963,100,-7.93,-14.42,76.83,19.48
576,92,1533776969,97,4.87,-2.24,77.46,11.54
577,8,1533776962,67,-46.43,-67.52,45.69,14.12
578,80,1533776981,96,5.52,5.75,73.09,5.5
579,92,1533776975,98,66.56,67.8,48.34,13.33
580,75,1533774000,73,41.02,40.52,73.4,4.7
581,0,1533776962,45,28.42,30.79,77.28,10.87
582,40,1533776400,78,-3.71,-38.6,78.8,9.17
583,75,1533772800,60,-54.81,-68.31,41.0,17.22
584,0,1533776969,92,13.32,12.61,71.74,8.3
585,92,1533776963,100,-7.93,-14.42,76.83,19.48
586,12,1533776962,77,73.51,80.55,50.73,19.37
587,75,1533772800,60,-54.81,-68.31,41.0,17.22
588,8,1533776964,89,14.12,15.31,74.22,8.63
589,12,1533776962,77,73.51,80.55,50.73,19.37
590,75,1533772800,88,-22.97,-42.02,69.8,12.75
591,0,1533776400,28,35.04,33.98,86.0,9.17
592,12,1533776962,77,73.51,80.55,50.73,19.37
593,0,1533774000,39,37.06,37.38,78.8,9.17
594,92,1533777011,99,55.42,55.54,59.14,10.76
595,92,1533777010,71,44.22,44.35,75.61,3.38
596,8,1533776963,100,4.42,-7.36,77.86,11.32
597,75,1533772800,60,-54.81,-68.31,41.0,17.22
598,0,1533777016,78,61.01,62.0,50.19,5.17
599,20,1533776981,96,5.26,-0.76,72.73,8.19
600,92,1533776970,91,7.37,7.63,74.94,7.96
601,20,1533772200,58,36.49,36.19,84.2,9.17
602,8,1533776962,67,-46.43,-67.52,45.69,14.12
603,92,1533776969,97,4.87,-2.24,77.46,11.54
604,12,1533776962,77,73.51,80.55,50.73,19.37
605,75,1533772800,60,-54.81,-68.31,41.0,17.22
606,92,1533776963,100,-7.93,-14.42,76.83,19.48
607,88,1533776877,95,-33.69,-53.46,53.56,11.54
608,76,1533776967,99,-17.73,-39.27,76.33,10.76
609,92,1533776963,100,-7.93,-14.42,76.83,19.48
610,12,1533776962,77,73.51,80.55,50.73,19.37
611,80,1533776981,96,5.52,5.75,73.09,5.5
612,75,1533772800,60,-54.81,-68.31,41.0,17.22
613,75,1533772800,88,-22.97,-42.02,69.8,12.75
614,48,1533776962,89,53.68,53.66,54.96,12.44
615,75,1533772800,60,-54.81,-68.31,41.0,17.22
616,75,1533772800,60,-54.81,-68.31,41.0,17.22
617,76,1533776967,99,-17.73,-39.27,76.33,10.76
618,75,1533772800,60,-54.81,-68.31,41.0,17.22
619,0,1533776969,92,13.32,12.61,71.74,8.3
620,12,1533776962,77,73.51,80.55,50.73,19.37
621,8,1533776962,67,-46.43,-67.52,45.69,14.12
622,75,1533772800,60,-54.81,-68.31,41.0,17.22
623,92,1533776978,99,11.75,11.96,70.03,0.13
624,76,1533776967,99,-17.73,-39.27,76.33,10.76
625,75,1533772800,60,-54.81,-68.31,41.0,17.22
626,92,1533776964,99,-21.64,-41.05,73.36,13.67
627,92,1533776963,100,-7.93,-14.42,76.83,19.48
628,75,1533772800,60,-54.81,-68.31,41.0,17.22
629,8,1533776962,67,-46.43,-67.52,45.69,14.12
630,0,1533777019,80,53.19,44.05,52.21,6.4
631,0,1533774000,49,38.35,38.32,71.6,20.8
632,0,1533776970,73,50.14,48.57,61.71,9.19
633,8,1533776962,67,-46.43,-67.52,45.69,14.12
634,75,1533772800,60,-54.81,-68.31,41.0,17.22
635,75,1533772800,88,-22.97,-42.02,69.8,12.75
636,92,1533776969,97,4.87,-2.24,77.46,11.54
637,80,1533776981,96,5.52,5.75,73.09,5.5
638,12,1533776962,77,73.51,80.55,50.73,19.37
639,75,1533772800,60,-54.81,-68.31,41.0,17.22
640,0,1533772800,69,35.36,35.93,78.8,5.82
641,76,1533776967,99,-17.73,-39.27,76.33,10.76
642,12,1533776962,77,73.51,80.55,50.73,19.37
643,75,1533772800,60,-54.81,-68.31,41.0,17.22
644,32,1533776974,28,29.03,21.55,91.0,11.1
645,0,1533776969,92,13.32,12.61,71.74,8.3
646,75,1533772800,88,-22.97,-42.02,69.8,12.75
647,92,1533776963,100,-7.93,-14.42,76.83,19.48
648,92,1533776963,100,-7.93,-14.42,76.83,19.48
649,12,1533776962,77,73.51,80.55,50.73,19.37
650,92,1533776970,91,7.37,7.63,74.94,7.96
651,12,1533776962,77,73.51,80.55,50.73,19.37
652,0,1533774000,49,38.35,38.32,71.6,20.8
653,75,1533772800,60,-54.81,-68.31,41.0,17.22
654,92,1533776961,99,4.89,-1.75,76.02,8.75
655,12,1533776962,77,73.51,80.55,50.73,19.37
656,48,1533776995,85,66.54,66.62,48.66,13.89
657,75,1533772800,60,-54.81,-68.31,41.0,17.22
658,40,1533776400,78,-3.71,-38.6,78.8,9.17
659,88,1533777009,92,9.92,8.9,69.13,3.6
660,75,1533772800,60,-54.81,-68.31,41.0,17.22
661,92,1533776963,100,-7.93,-14.42,76.83,19.48
662,75,1533772800,60,-54.81,-68.31,41.0,17.22
663,92,1533776976,100,56.0,55.92,59.41,1.7
664,75,1533772800,60,-54.81,-68.31,41.0,17.22
665,56,1533777013,85,61.17,46.39,50.01,7.96
666,8,1533777022,86,66.82,65.8,47.44,15.23
667,12,1533776962,77,73.51,80.55,50.73,19.37
668,92,1533776963,100,-7.93,-14.42,76.83,19.48
669,0,1533776969,92,13.32,12.61,71.74,8.3
670,8,1533776962,67,-46.43,-67.52,45.69,14.12
671,12,1533776962,77,73.51,80.55,50.73,19.37
672,75,1533772800,60,-54.81,-68.31,41.0,17.22
673,0,1533776969,92,13.32,12.61,71.74,8.3
674,75,1533772800,60,-54.81,-68.31,41.0,17.22
675,92,1533776969,97,4.87,-2.24,77.46,11.54
676,48,1533776966,95,54.57,54.53,55.18,13.11
677,88,1533776877,95,-33.69,-53.46,53.56,11.54
678,76,1533776967,99,-17.73,-39.27,76.33,10.76
679,92,1533776963,100,66.83,70.83,48.21,23.51
680,92,1533776967,95,-30.17,-50.22,62.38,4.83
681,8,1533776964,89,14.12,15.31,74.22,8.63
682,32,1533776974,28,29.03,21.55,91.0,11.1
683,20,1533776981,96,5.26,-0.76,72.73,8.19
684,88,1533776877,95,-33.69,-53.46,53.56,11.54
685,92,1533776964,99,-21.64,-41.05,73.36,13.67
686,92,1533776963,100,-7.93,-14.42,76.83,19.48
687,92,1533777024,50,44.77,44.65,79.84,0.92
688,32,1533776975,40,45.92,47.05,79.48,11.88
689,75,1533772800,60,-54.81,-68.31,41.0,17.22
690,12,1533776962,77,73.51,80.55,50.73,19.37
691,92,1533776976,100,56.0,55.92,59.41,1.7
692,92,1533776963,100,-7.93,-14.42,76.83,19.48
693,75,1533772800,60,-54.81,-68.31,41.0,17.22
694,75,1533772800,60,-54.81,-68.31,41.0,17.22
695,0,1533776400,28,35.04,33.98,86.0,9.17
696,75,1533772800,88,-22.97,-42.02,69.8,12.75
697,92,1533776963,100,-7.93,-14.42,76.83,19.48
698,88,1533776991,98,10.31,9.85,67.02,2.59
699,75,1533772800,88,-22.97,-42.02,69.8,12.75
700,20,1533772200,58,36.49,36.19,84.2,9.17
701,40,1533776400,78,-3.71,-38.6,78.8,9.17
702,12,1533776962,77,73.51,80.55,50.73,19.37
703,12,1533776962,77,73.51,80.55,50.73,19.37
704,12,1533776962,77,73.51,80.55,50.73,19.37
705,75,1533772800,60,-54.81,-68.31,41.0,17.22
706,0,1533776962,45,28.42,30.79,77.28,10.87
707,90,1533774600,94,41.19,40.99,71.6,6.93
708,12,1533776962,77,73.51,80.55,50.73,19.37
709,75,1533772800,60,-54.81,-68.31,41.0,17.22
710,12,1533776962,77,73.51,80.55,50.73,19.37
711,75,1533772800,60,-54.81,-68.31,41.0,17.22
712,92,1533776969,97,4.87,-2.24,77.46,11.54
713,48,1533776966,95,54.57,54.53,55.18,13.11
714,40,1533772800,78,31.42,31.81,80.6,8.05
715,92,1533776963,100,-7.93,-14.42,76.83,19.48
716,0,1533772800,69,35.36,35.93,78.8,5.82
717,76,1533776967,99,-17.73,-39.27,76.33,10.76
718,92,1533776963,100,-7.93,-14.42,76.83,19.48
719,92,1533776963,100,-7.93,-14.42,76.83,19.48
720,92,1533776963,100,-7.93,-14.42,76.83,19.48
721,92,1533776963,100,-7.93,-14.42,76.83,19.48
722,44,1533777027,40,46.17,45.34,79.26,15.12
723,12,1533776962,77,73.51,80.55,50.73,19.37
724,88,1533776877,95,-33.69,-53.46,53.56,11.54
725,8,1533776964,89,14.12,15.31,74.22,8.63
726,92,1533776963,100,-7.93,-14.42,76.83,19.48
727,92,1533776963,100,66.83,70.83,48.21,23.51
728,75,1533774000,73,41.02,40.52,73.4,4.7
729,75,1533772800,60,-54.81,-68.31,41.0,17.22
730,48,1533776982,78,13.04,8.32,76.47,7.4
731,0,1533774000,39,36.72,37.12,78.8,9.17
732,8,1533776962,67,-46.43,-67.52,45.69,14.12
733,12,1533776962,77,73.51,80.55,50.73,19.37
734,8,1533776962,67,-46.43,-67.52,45.69,14.12
735,75,1533772800,60,-54.81,-68.31,41.0,17.22
736,92,1533776963,100,-7.93,-14.42,76.83,19.48
737,12,1533776962,77,73.51,80.55,50.73,19.37
738,75,1533772800,60,-54.81,-68.31,41.0,17.22
739,44,1533777000,92,47.7,142.03,61.21,7.96
740,80,1533776981,96,5.52,5.75,73.09,5.5
741,92,1533776963,100,-7.93,-14.42,76.83,19.48
742,40,1533776400,78,-3.71,-38.6,78.8,9.17
743,0,1533776972,86,65.4,64.7,47.76,16.58
744,75,1533772800,60,-54.81,-68.31,41.0,17.22
745,12,1533776962,77,73.51,80.55,50.73,19.37
746,75,1533772800,60,-54.81,-68.31,41.0,17.22
747,92,1533776967,95,-30.17,-50.22,62.38,4.83
748,20,1533772800,94,5.79,0.9,75.2,12.75
749,76,1533776967,99,-17.73,-39.27,76.33,10.76
750,92,1533776963,100,-7.93,-14.42,76.83,19.48
751,92,1533776963,100,-7.93,-14.42,76.83,19.48
752,88,1533776991,98,10.31,9.85,67.02,2.59
753,8,1533776963,100,4.42,-7.36,77.86,11.32
754,12,1533776962,77,73.51,80.55,50.73,19.37
755,75,1533772800,88,-22.97,-42.02,69.8,12.75
756,92,1533776961,99,4.89,-1.75,76.02,8.75
757,8,1533776962,67,-46.43,-67.52,45.69,14.12
758,75,1533772800,60,-54.81,-68.31,41.0,17.22
759,92,1533776963,100,-7.93,-14.42,76.83,19.48
760,75,1533772800,60,-54.81,-68.31,41.0,17.22
761,92,1533776963,100,-7.93,-14.42,76.83,19.48
762,75,1533772800,60,-54.81,-68.31,41.0,17.22
763,0,1533776992,94,30.68,30.94,70.3,2.82
764,92,1533776963,100,-7.93,-14.42,76.83,19.48
765,75,1533772800,60,-54.81,-68.31,41.0,17.22
766,20,1533772800,94,5.79,0.9,75.2,12.75
767,75,1533772800,60,-54.81,-68.31,41.0,17.22
768,75,1533772800,60,-54.81,-68.31,41.0,17.22
769,75,1533772800,60,-54.81,-68.31,41.0,17.22
770,92,1533776978,99,11.75,11.96,70.03,0.13
771,12,1533776962,77,73.51,80.55,50.73,19.37
772,0,1533776969,92,13.32,12.61,71.74,8.3
773,12,1533776962,77,73.51,80.55,50.73,19.37
774,92,1533776963,100,-7.93,-14.42,76.83,19.48
775,92,1533776961,99,4.89,-1.75,76.02,8.75
776,12,1533776962,77,73.51,80.55,50.73,19.37
777,8,1533776962,67,-46.43,-67.52,45.69,14.12
778,75,1533772800,60,-54.81,-68.31,41.0,17.22
779,0,1533776400,28,34.88,33.59,86.0,9.17
780,75,1533772800,60,-54.81,-68.31,41.0,17.22
781,12,1533777032,94,5.11,-1.24,71.52,5.73
782,92,1533776963,100,-7.93,-14.42,76.83,19.48
783,75,1533772800,60,-54.81,-68.31,41.0,17.22
784,24,1533776996,81,61.92,63.02,50.05,5.17
785,0,1533776962,45,28.42,30.79,77.28,10.87
786,0,1533774000,49,38.35,38.32,71.6,20.8
787,75,1533772800,88,-22.97,-42.02,69.8,12.75
788,0,1533776970,73,50.14,48.57,61.71,9.19
789,0,1533774000,49,38.35,38.32,71.6,20.8
790,0,1533776962,45,28.42,30.79,77.28,10.87
791,75,1533772800,88,-22.97,-42.02,69.8,12.75
792,75,1533772800,60,-54.81,-68.31,41.0,17.22
793,75,1533772800,60,-54.81,-68.31,41.0,17.22
794,75,1533772800,60,-54.81,-68.31,41.0,17.22
795,20,1533776981,96,5.26,-0.76,72.73,8.19
796,80,1533776981,96,5.52,5.75,73.09,5.5
797,8,1533776962,67,-46.43,-67.52,45.69,14.12
798,92,1533776963,100,-7.93,-14.42,76.83,19.48
799,92,1533776963,100,66.83,70.83,48.21,23.51
800,75,1533772800,88,-22.97,-42.02,69.8,12.75
801,92,1533776969,97,4.87,-2.24,77.46,11.54
802,75,1533772800,60,-54.81,-68.31,41.0,17.22
803,92,1533776975,98,66.56,67.8,48.34,13.33
804,75,1533772800,60,-54.81,-68.31,41.0,17.22
805,64,1533776979,96,8.5,8.51,69.99,4.27
806,80,1533776997,95,6.71,6.33,74.58,8.41
807,92,1533776963,100,-7.93,-14.42,76.83,19.48
808,32,1533776986,82,60.7,60.42,48.25,6.62
809,75,1533772800,88,43.69,43.65,62.6,11.18
810,75,1533772800,60,-54.81,-68.31,41.0,17.22
811,92,1533776967,95,-30.17,-50.22,62.38,4.83
812,92,1533776963,100,-7.93,-14.42,76.83,19.48
813,12,1533776962,77,73.51,80.55,50.73,19.37
814,92,1533776963,100,-7.93,-14.42,76.83,19.48
815,75,1533772800,60,-54.81,-68.31,41.0,17.22
816,0,1533776962,45,28.42,30.79,77.28,10.87
817,0,1533776975,78,60.91,61.52,50.19,5.17
818,92,1533776963,100,-7.93,-14.42,76.83,19.48
819,75,1533772800,60,-54.81,-68.31,41.0,17.22
820,12,1533776962,77,73.51,80.55,50.73,19.37
821,92,1533776963,100,-7.93,-14.42,76.83,19.48
822,92,1533776963,100,-7.93,-14.42,76.83,19.48
823,92,1533776963,100,66.83,70.83,48.21,23.51
824,12,1533776962,77,73.51,80.55,50.73,19.37
825,0,1533776970,73,50.14,48.57,61.71,9.19
826,0,1533776400,28,35.04,33.98,86.0,9.17
827,32,1533776975,40,45.92,47.05,79.48,11.88
828,75,1533772800,60,-54.81,-68.31,41.0,17.22
829,75,1533772800,60,-54.81,-68.31,41.0,17.22
830,12,1533776962,77,73.51,80.55,50.73,19.37
831,75,1533772800,60,-54.81,-68.31,41.0,17.22
832,88,1533777036,92,53.89,53.93,54.46,13.44
833,20,1533776981,96,5.26,-0.76,72.73,8.19
834,92,1533776975,98,66.56,67.8,48.34,13.33
835,88,1533776877,95,-33.69,-53.46,53.56,11.54
836,8,1533776962,67,-46.43,-67.52,45.69,14.12
837,0,1533776975,78,60.91,61.52,50.19,5.17
838,92,1533776963,100,-7.93,-14.42,76.83,19.48
839,0,1533776400,28,35.04,33.98,86.0,9.17
840,92,1533776963,100,-7.93,-14.42,76.83,19.48
841,75,1533772800,60,-54.81,-68.31,41.0,17.22
842,75,1533772800,60,-54.81,-68.31,41.0,17.22
843,12,1533776962,77,73.51,80.55,50.73,19.37
844,92,1533776967,95,-30.17,-50.22,62.38,4.83
845,75,1533772800,60,-54.81,-68.31,41.0,17.22
846,92,1533776963,100,66.83,70.83,48.21,23.51
847,88,1533776877,95,-33.69,-53.46,53.56,11.54
848,8,1533776962,67,-46.43,-67.52,45.69,14.12
849,75,1533772800,60,-54.81,-68.31,41.0,17.22
850,92,1533776963,100,-7.93,-14.42,76.83,19.48
851,92,1533776969,97,4.87,-2.24,77.46,11.54
852,75,1533772800,88,-22.97,-42.02,69.8,12.75
853,56,1533777013,85,61.17,46.39,50.01,7.96
854,32,1533776974,28,29.03,21.55,91.0,11.1
855,92,1533776972,96,40.26,40.22,54.87,2.48
856,12,1533776962,77,73.51,80.55,50.73,19.37
857,0,1533776400,28,35.04,33.98,86.0,9.17
858,92,1533776975,98,66.56,67.8,48.34,13.33
859,92,1533776963,100,-7.93,-14.42,76.83,19.48
860,92,1533776963,100,-7.93,-14.42,76.83,19.48
861,12,1533776962,77,73.51,80.55,50.73,19.37
862,75,1533772800,60,-54.81,-68.31,41.0,17.22
863,12,1533776962,77,73.51,80.55,50.73,19.37
864,12,1533776962,77,73.51,80.55,50.73,19.37
865,75,1533772800,60,-54.81,-68.31,41.0,17.22
866,12,1533776962,77,73.51,80.55,50.73,19.37
867,76,1533776967,99,-17.73,-39.27,76.33,10.76
868,80,1533776981,96,5.52,5.75,73.09,5.5
869,92,1533776963,100,66.83,70.83,48.21,23.51
870,75,1533772800,60,-54.81,-68.31,41.0,17.22
871,8,1533776963,100,4.42,-7.36,77.86,11.32
872,44,1533777000,92,47.7,142.03,61.21,7.96
873,0,1533776972,86,65.4,64.7,47.76,16.58
874,92,1533776978,99,11.75,11.96,70.03,0.13
875,75,1533772800,60,-54.81,-68.31,41.0,17.22
876,92,1533776967,95,-30.17,-50.22,62.38,4.83
877,12,1533776962,77,73.51,80.55,50.73,19.37
878,0,1533776400,28,35.04,33.98,86.0,9.17
879,76,1533776967,99,-17.73,-39.27,76.33,10.76
880,92,1533776963,100,-7.93,-14.42,76.83,19.48
881,92,1533776963,100,-7.93,-14.42,76.83,19.48
882,36,1533776990,97,-34.48,-54.34,49.56,3.94
883,92,1533776963,100,-7.93,-14.42,76.83,19.48
884,75,1533772800,60,-54.81,-68.31,41.0,17.22
885,92,1533776967,95,-30.17,-50.22,62.38,4.83
886,92,1533776978,99,11.75,11.96,70.03,0.13
887,92,1533776963,100,66.83,70.83,48.21,23.51
888,40,1533776400,78,-3.71,-38.6,78.8,9.17
889,92,1533776961,99,4.89,-1.75,76.02,8.75
890,40,1533772800,88,6.37,2.43,77.0,12.75
891,75,1533772800,88,-22.97,-42.02,69.8,12.75
892,92,1533776963,100,-7.93,-14.42,76.83,19.48
893,92,1533776963,100,-7.93,-14.42,76.83,19.48
894,48,1533776999,92,-32.03,-52.1,56.13,15.68
895,32,1533776986,82,60.7,60.42,48.25,6.62
896,8,1533776962,67,-46.43,-67.52,45.69,14.12
897,8,1533776962,67,-46.43,-67.52,45.69,14.12
898,92,1533776963,100,-7.93,-14.42,76.83,19.48
899,75,1533772800,60,-54.81,-68.31,41.0,17.22
900,92,1533776989,99,58.11,57.8,54.69,10.2
901,75,1533774600,93,55.11,55.34,60.8,11.18
902,64,1533777042,90,11.24,4.91,74.26,2.82
903,88,1533777036,92,53.89,53.93,54.46,13.44
904,76,1533776967,99,-17.73,-39.27,76.33,10.76
905,36,1533776990,97,-34.48,-54.34,49.56,3.94
906,92,1533776964,99,-21.64,-41.05,73.36,13.67
907,92,1533776961,99,4.89,-1.75,76.02,8.75
908,92,1533776963,100,66.83,70.83,48.21,23.51
909,75,1533772800,88,-22.97,-42.02,69.8,12.75
910,88,1533776877,95,-33.69,-53.46,53.56,11.54
911,12,1533776962,77,73.51,80.55,50.73,19.37
912,76,1533776967,99,-17.73,-39.27,76.33,10.76
913,75,1533772800,60,-54.81,-68.31,41.0,17.22
914,92,1533776975,98,66.56,67.8,48.34,13.33
915,75,1533772800,60,-54.81,-68.31,41.0,17.22
916,75,1533772800,60,-54.81,-68.31,41.0,17.22
917,80,1533776981,96,5.52,5.75,73.09,5.5
918,92,1533776963,100,-7.93,-14.42,76.83,19.48
919,0,1533772800,82,57.46,28.17,57.2,4.47
920,75,1533772800,60,-54.81,-68.31,41.0,17.22
921,12,1533776962,77,73.51,80.55,50.73,19.37
922,92,1533776963,100,66.83,70.83,48.21,23.51
923,75,1533772800,88,-22.97,-42.02,69.8,12.75
924,92,1533777010,71,44.22,44.35,75.61,3.38
925,40,1533776400,78,-3.71,-38.6,78.8,9.17
926,12,1533777032,94,5.11,-1.24,71.52,5.73
927,24,1533776972,96,-38.55,-58.74,44.07,18.48
928,75,1533772800,60,-54.81,-68.31,41.0,17.22
929,0,1533776970,73,50.14,48.57,61.71,9.19
930,92,1533776963,100,-7.93,-14.42,76.83,19.48
931,8,1533776962,67,-46.43,-67.52,45.69,14.12
932,12,1533776962,77,73.51,80.55,50.73,19.37
933,92,1533776963,100,66.83,70.83,48.21,23.51
934,92,1533776967,95,-30.17,-50.22,62.38,4.83
935,92,1533776967,95,-30.17,-50.22,62.38,4.83
936,48,1533776995,85,66.54,66.62,48.66,13.89
937,0,1533774000,49,38.35,38.32,71.6,20.8
938,8,1533776963,100,4.42,-7.36,77.86,11.32
939,92,1533776978,99,11.75,11.96,70.03,0.13
940,75,1533772800,60,-54.81,-68.31,41.0,17.22
941,75,1533772800,88,-22.97,-42.02,69.8,12.75
942,12,1533776962,77,73.51,80.55,50.73,19.37
943,92,1533776963,100,-7.93,-14.42,76.83,19.48
944,32,1533776974,28,29.03,21.55,91.0,11.1
945,92,1533776963,100,-7.93,-14.42,76.83,19.48
946,75,1533772800,60,-54.81,-68.31,41.0,17.22
947,75,1533772800,60,-54.81,-68.31,41.0,17.22
948,92,1533776963,100,-7.93,-14.42,76.83,19.48
949,92,1533776976,100,56.0,55.92,59.41,1.7
950,92,1533776963,100,-7.93,-14.42,76.83,19.48
951,75,1533772800,60,-54.81,-68.31,41.0,17.22
952,75,1533772800,60,-54.81,-68.31,41.0,17.22
953,80,1533776997,95,6.71,6.33,74.58,8.41
954,12,1533776962,77,73.51,80.55,50.73,19.37
955,12,1533776962,77,73.51,80.55,50.73,19.37
956,48,1533776962,89,53.68,53.66,54.96,12.44
957,88,1533776877,95,-33.69,-53.46,53.56,11.54
958,75,1533772800,60,-54.81,-68.31,41.0,17.22
959,0,1533776970,73,50.14,48.57,61.71,9.19
960,75,1533772800,60,-54.81,-68.31,41.0,17.22
961,0,1533774000,49,38.35,38.32,71.6,20.8
962,90,1533774600,94,41.19,40.99,71.6,6.93
963,88,1533776877,95,-33.69,-53.46,53.56,11.54
964,8,1533776964,89,14.12,15.31,74.22,8.63
965,8,1533776962,67,-46.43,-67.52,45.69,14.12
966,88,1533776970,92,6.26,6.15,74.31,7.96
967,80,1533776981,96,5.52,5.75,73.09,5.5
968,40,1533776400,78,-3.71,-38.6,78.8,9.17
969,20,1533772800,94,5.79,0.9,75.2,12.75
970,76,1533776967,99,-17.73,-39.27,76.33,10.76
971,75,1533772800,60,-54.81,-68.31,41.0,17.22
972,8,1533776962,67,-46.43,-67.52,45.69,14.12
973,90,1533774600,94,41.67,41.69,71.6,6.93
974,40,1533776400,78,-3.71,-38.6,78.8,9.17
975,75,1533772800,60,-54.81,-68.31,41.0,17.22
976,75,1533772800,88,-22.97,-42.02,69.8,12.75
977,76,1533776976,94,67.55,63.78,45.78,10.65
978,8,1533776962,67,-46.43,-67.52,45.69,14.12
979,48,1533776999,92,-32.03,-52.1,56.13,15.68
980,75,1533772800,60,-54.81,-68.31,41.0,17.22
981,0,1533776972,86,65.4,64.7,47.76,16.58
982,75,1533772800,88,-22.97,-42.02,69.8,12.75
983,8,1533776962,67,-46.43,-67.52,45.69,14.12
984,40,1533776400,78,-3.71,-38.6,78.8,9.17
985,75,1533772800,88,43.56,43.59,62.6,11.18
986,88,1533776877,95,-33.69,-53.46,53.56,11.54
987,64,1533777048,99,7.73,8.54,72.33,2.26
988,36,1533776990,97,-34.48,-54.34,49.56,3.94
989,40,1533776400,78,-3.71,-38.6,78.8,9.17
990,92,1533776963,100,-7.93,-14.42,76.83,19.48
991,12,1533776962,77,73.51,80.55,50.73,19.37
992,75,1533772800,60,-54.81,-68.31,41.0,17.22
993,75,1533772800,60,-54.81,-68.31,41.0,17.22
994,40,1533772800,78,31.42,31.81,80.6,8.05
995,92,1533776963,100,-7.93,-14.42,76.83,19.48
996,76,1533776976,94,67.55,63.78,45.78,10.65
997,24,1533776996,81,61.92,63.02,50.05,5.17
998,12,1533776962,77,73.51,80.55,50.73,19.37
999,92,1533776963,100,66.83,70.83,48.21,23.51
1000,92,1533776963,100,-7.93,-14.42,76.83,19.48
1001,90,1533774600,94,41.67,41.69,71.6,6.93
1002,8,1533776964,89,14.12,15.31,74.22,8.63
1003,32,1533776974,28,29.03,21.55,91.0,11.1
1004,92,1533776969,97,4.87,-2.24,77.46,11.54
1005,12,1533776962,77,73.51,80.55,50.73,19.37
1006,12,1533776962,77,73.51,80.55,50.73,19.37
1007,36,1533776990,97,-34.48,-54.34,49.56,3.94
1008,92,1533776982,98,57.36,57.24,55.99,14.45
1009,92,1533776963,100,-7.93,-14.42,76.83,19.48
1010,12,1533776962,77,73.51,80.55,50.73,19.37
1011,92,1533776961,99,4.89,-1.75,76.02,8.75
1012,76,1533776967,99,-17.73,-39.27,76.33,10.76
1013,75,1533772800,88,43.6,43.6,62.6,11.18
1014,80,1533776981,96,5.52,5.75,73.09,5.5
1015,90,1533774600,94,41.91,41.96,71.6,6.93
1016,12,1533776962,77,73.51,80.55,50.73,19.37
1017,88,1533776970,92,6.26,6.15,74.31,7.96
1018,75,1533772800,60,-54.81,-68.31,41.0,17.22
1019,92,1533776963,100,-7.93,-14.42,76.83,19.48
1020,88,1533777036,92,53.89,53.93,54.46,13.44
1021,88,1533776991,98,10.31,9.85,67.02,2.59
1022,0,1533772800,69,35.36,35.93,78.8,5.82
1023,75,1533772800,60,-54.81,-68.31,41.0,17.22
1024,75,1533772800,60,-54.81,-68.31,41.0,17.22
1025,0,1533776972,86,65.4,64.7,47.76,16.58
1026,12,1533776962,77,73.51,80.55,50.73,19.37
1027,12,1533776962,77,73.51,80.55,50.73,19.37
1028,8,1533776964,89,14.12,15.31,74.22,8.63
1029,8,1533776964,89,14.12,15.31,74.22,8.63
1030,92,1533776963,100,-7.93,-14.42,76.83,19.48
1031,92,1533776975,98,66.56,67.8,48.34,13.33
1032,92,1533776963,100,-7.93,-14.42,76.83,19.48
1033,92,1533776964,99,-21.64,-41.05,73.36,13.67
1034,75,1533772800,88,-22.97,-42.02,69.8,12.75
1035,92,1533776963,100,-7.93,-14.42,76.83,19.48
1036,20,1533776981,96,5.26,-0.76,72.73,8.19
1037,8,1533776964,89,14.12,15.31,74.22,8.63
1038,88,1533776990,92,54.12,54.12,54.46,13.44
1039,88,1533777052,91,5.89,5.68,75.93,5.95
1040,92,1533776963,100,-7.93,-14.42,76.83,19.48
1041,92,1533777011,99,55.42,55.54,59.14,10.76
1042,88,1533776877,95,-33.69,-53.46,53.56,11.54
1043,48,1533776985,85,66.66,66.39,48.66,13.89
1044,92,1533776969,97,4.87,-2.24,77.46,11.54
1045,75,1533772800,88,-22.97,-42.02,69.8,12.75
1046,0,1533776962,45,28.42,30.79,77.28,10.87
1047,92,1533777053,97,7.11,6.73,73.0,6.4
1048,76,1533776967,99,-17.73,-39.27,76.33,10.76
1049,75,1533772800,88,-22.97,-42.02,69.8,12.75
1050,75,1533772800,60,-54.81,-68.31,41.0,17.22
1051,92,1533776967,95,-30.17,-50.22,62.38,4.83
1052,76,1533776967,99,-17.73,-39.27,76.33,10.76
1053,12,1533776962,77,73.51,80.55,50.73,19.37
1054,8,1533776962,67,-46.43,-67.52,45.69,14.12
1055,75,1533772800,60,-54.81,-68.31,41.0,17.22
1056,12,1533776962,77,73.51,80.55,50.73,19.37
1057,0,1533776970,73,50.14,48.57,61.71,9.19
1058,12,1533776962,77,73.51,80.55,50.73,19.37
1059,75,1533772800,60,-54.81,-68.31,41.0,17.22
1060,92,1533776963,100,-7.93,-14.42,76.83,19.48
1061,75,1533772800,60,-54.81,-68.31,41.0,17.22
1062,92,1533776963,100,-7.93,-14.42,76.83,19.48
1063,92,1533776963,100,-7.93,-14.42,76.83,19.48
1064,48,1533776995,85,66.54,66.62,48.66,13.89
1065,75,1533772800,60,-54.81,-68.31,41.0,17.22
1066,40,1533772800,78,31.42,31.81,80.6,8.05
1067,76,1533776967,99,-17.73,-39.27,76.33,10.76
1068,75,1533772800,60,-54.81,-68.31,41.0,17.22
1069,92,1533776963,100,66.83,70.83,48.21,23.51
1070,76,1533776976,94,67.55,63.78,45.78,10.65
1071,32,1533776974,28,29.03,21.55,91.0,11.1
1072,12,1533776962,77,73.51,80.55,50.73,19.37
1073,40,1533772800,88,6.37,2.43,77.0,12.75
1074,75,1533772800,60,-54.81,-68.31,41.0,17.22
1075,20,1533772800,88,6.46,3.39,77.0,2.24
1076,92,1533776978,99,11.75,11.96,70.03,0.13
1077,0,1533776970,73,50.14,48.57,61.71,9.19
1078,75,1533772800,60,-54.81,-68.31,41.0,17.22
1079,48,1533776985,85,66.66,66.39,48.66,13.89
1080,75,1533772800,60,-54.81,-68.31,41.0,17.22
1081,75,1533772800,60,-54.81,-68.31,41.0,17.22
1082,40,1533772800,88,6.37,2.43,77.0,12.75
1083,8,1533776964,89,14.12,15.31,74.22,8.63
1084,92,1533776963,100,-7.93,-14.42,76.83,19.48
1085,75,1533772800,60,-54.81,-68.31,41.0,17.22
1086,0,1533772800,82,57.46,28.17,57.2,4.47
1087,92,1533776989,99,58.11,57.8,54.69,10.2
1088,32,1533776974,28,29.03,21.55,91.0,11.1
1089,92,1533776961,99,4.89,-1.75,76.02,8.75
1090,0,1533776969,92,13.32,12.61,71.74,8.3
1091,92,1533776963,100,-7.93,-14.42,76.83,19.48
1092,75,1533772800,60,-54.81,-68.31,41.0,17.22
1093,20,1533776981,96,5.26,-0.76,72.73,8.19
1094,92,1533776963,100,-7.93,-14.42,76.83,19.48
1095,12,1533776962,77,73.51,80.55,50.73,19.37
1096,8,1533776962,67,-46.43,-67.52,45.69,14.12
1097,75,1533772800,60,-54.81,-68.31,41.0,17.22
1098,48,1533776966,95,54.57,54.53,55.18,13.11
1099,75,1533772800,60,-54.81,-68.31,41.0,17.22
1100,92,1533776961,99,4.89,-1.75,76.02,8.75
1101,48,1533776999,92,-32.03,-52.1,56.13,15.68
1102,75,1533772800,60,-54.81,-68.31,41.0,17.22
1103,75,1533772800,60,-54.81,-68.31,41.0,17.22
1104,0,1533776400,28,34.88,33.59,86.0,9.17
1105,12,1533776962,77,73.51,80.55,50.73,19.37
1106,8,1533776963,100,4.42,-7.36,77.86,11.32
1107,12,1533776993,95,52.53,52.75,55.32,10.42
1108,12,1533776962,77,73.51,80.55,50.73,19.37
1109,8,1533776964,89,14.12,15.31,74.22,8.63
1110,0,1533776969,92,13.32,12.61,71.74,8.3
1111,24,1533776996,81,61.92,63.02,50.05,5.17
1112,48,1533776982,78,13.04,8.32,76.47,7.4
1113,75,1533772800,60,-54.81,-68.31,41.0,17.22
1114,92,1533776963,100,-7.93,-14.42,76.83,19.48
1115,32,1533776974,28,29.03,21.55,91.0,11.1
1116,92,1533776963,100,-7.93,-14.42,76.83,19.48
1117,75,1533772800,60,-54.81,-68.31,41.0,17.22
1118,75,1533772800,60,-54.81,-68.31,41.0,17.22
1119,92,1533776969,97,4.87,-2.24,77.46,11.54
1120,92,1533776963,100,66.83,70.83,48.21,23.51
1121,75,1533772800,88,-22.97,-42.02,69.8,12.75
1122,92,1533776963,100,-7.93,-14.42,76.83,19.48
1123,48,1533776966,95,54.57,54.53,55.18,13.11
1124,75,1533772800,60,-54.81,-68.31,41.0,17.22
1125,8,1533776964,89,14.12,15.31,74.22,8.63
1126,92,1533776963,100,-7.93,-14.42,76.83,19.48
1127,75,1533772800,60,-54.81,-68.31,41.0,17.22
1128,0,1533776962,45,28.42,30.79,77.28,10.87
1129,12,1533776962,77,73.51,80.55,50.73,19.37
1130,20,1533776981,96,5.26,-0.76,72.73,8.19
1131,75,1533772800,60,-54.81,-68.31,41.0,17.22
1132,92,1533776963,100,-7.93,-14.42,76.83,19.48
1133,12,1533776962,77,73.51,80.55,50.73,19.37
1134,75,1533772800,60,-54.81,-68.31,41.0,17.22
1135,80,1533776981,96,5.52,5.75,73.09,5.5
1136,8,1533776964,89,14.12,15.31,74.22,8.63
1137,0,1533776972,86,65.4,64.7,47.76,16.58
1138,24,1533776972,96,-38.55,-58.74,44.07,18.48
1139,0,1533772800,82,57.46,28.17,57.2,4.47
1140,75,1533772800,60,-54.81,-68.31,41.0,17.22
1141,92,1533776967,95,-30.17,-50.22,62.38,4.83
1142,48,1533776966,95,54.57,54.53,55.18,13.11
1143,75,1533772800,60,-54.81,-68.31,41.0,17.22
1144,75,1533772800,88,-22.97,-42.02,69.8,12.75
1145,88,1533776877,95,-33.69,-53.46,53.56,11.54
1146,36,1533776990,97,-34.48,-54.34,49.56,3.94
1147,75,1533772800,88,-22.97,-42.02,69.8,12.75
1148,75,1533772800,60,-54.81,-68.31,41.0,17.22
1149,0,1533774000,49,38.35,38.32,71.6,20.8
1150,75,1533772800,60,-54.81,-68.31,41.0,17.22
1151,0,1533776962,45,28.42,30.79,77.28,10.87
1152,32,1533776974,28,29.03,21.55,91.0,11.1
1153,92,1533776961,99,4.89,-1.75,76.02,8.75
1154,12,1533776962,77,73.51,80.55,50.73,19.37
1155,92,1533776961,99,4.89,-1.75,76.02,8.75
1156,75,1533772800,60,-54.81,-68.31,41.0,17.22
1157,0,1533772800,69,35.36,35.93,78.8,5.82
1158,0,1533774000,49,38.35,38.32,71.6,20.8
1159,8,1533776962,67,-46.43,-67.52,45.69,14.12
1160,92,1533776963,100,-7.93,-14.42,76.83,19.48
1161,75,1533772800,60,-54.81,-68.31,41.0,17.22
1162,32,1533776974,28,29.03,21.55,91.0,11.1
1163,75,1533772800,60,-54.81,-68.31,41.0,17.22
1164,24,1533776996,81,61.92,63.02,50.05,5.17
1165,20,1533772800,94,5.79,0.9,75.2,12.75
1166,8,1533776962,67,-46.43,-67.52,45.69,14.12
1167,76,1533776967,99,-17.73,-39.27,76.33,10.76
1168,92,1533776970,91,7.37,7.63,74.94,7.96
1169,92,1533776975,98,66.56,67.8,48.34,13.33
1170,20,1533772800,94,5.79,0.9,75.2,12.75
1171,75,1533772800,60,-54.81,-68.31,41.0,17.22
1172,92,1533776963,100,-7.93,-14.42,76.83,19.48
1173,12,1533776962,77,73.51,80.55,50.73,19.37
1174,76,1533776967,99,-17.73,-39.27,76.33,10.76
1175,88,1533776877,95,-33.69,-53.46,53.56,11.54
1176,80,1533776981,96,5.52,5.75,73.09,5.5
1177,92,1533776963,100,-7.93,-14.42,76.83,19.48
1178,12,1533776962,77,73.51,80.55,50.73,19.37
1179,92,1533777064,98,57.2,56.91,56.58,15.23
1180,12,1533776962,77,73.51,80.55,50.73,19.37
1181,75,1533772800,60,-54.81,-68.31,41.0,17.22
1182,75,1533772800,88,-22.97,-42.02,69.8,12.75
1183,75,1533772800,60,-54.81,-68.31,41.0,17.22
1184,80,1533776981,96,5.52,5.75,73.09,5.5
1185,92,1533776963,100,-7.93,-14.42,76.83,19.48
1186,64,1533777042,90,11.24,4.91,74.26,2.82
1187,75,1533772800,60,-54.81,-68.31,41.0,17.22
1188,92,1533776963,100,-7.93,-14.42,76.83,19.48
1189,64,1533776979,96,8.5,8.51,69.99,4.27
1190,92,1533776963,100,-7.93,-14.42,76.83,19.48
1191,40,1533776400,78,-3.71,-38.6,78.8,9.17
1192,75,1533772800,60,-54.81,-68.31,41.0,17.22
1193,12,1533776962,77,73.51,80.55,50.73,19.37
1194,75,1533772800,60,-54.81,-68.31,41.0,17.22
1195,75,1533772800,60,-54.81,-68.31,41.0,17.22
1196,92,1533776963,100,-7.93,-14.42,76.83,19.48
1197,40,1533776400,78,-3.71,-38.6,78.8,9.17
1198,48,1533776704,79,63.19,64.42,53.11,6.85
1199,92,1533776961,99,4.89,-1.75,76.02,8.75
1200,12,1533776993,95,52.53,52.75,55.32,10.42
1201,75,1533772800,60,-54.81,-68.31,41.0,17.22
1202,92,1533776963,100,-7.93,-14.42,76.83,19.48
1203,12,1533776962,77,73.51,80.55,50.73,19.37
1204,92,1533776975,98,66.56,67.8,48.34,13.33
1205,92,1533776963,100,-7.93,-14.42,76.83,19.48
1206,75,1533772800,60,-54.81,-68.31,41.0,17.22
1207,12,1533776962,77,73.51,80.55,50.73,19.37
1208,75,1533772800,88,43.56,43.59,62.6,11.18
1209,92,1533776975,98,66.56,67.8,48.34,13.33
1210,75,1533772800,60,-54.81,-68.31,41.0,17.22
1211,92,1533776963,100,-7.93,-14.42,76.83,19.48
1212,92,1533776963,100,-7.93,-14.42,76.83,19.48
1213,92,1533776978,99,11.75,11.96,70.03,0.13
1214,92,1533776963,100,-7.93,-14.42,76.83,19.48
1215,75,1533772800,60,-54.81,-68.31,41.0,17.22
1216,75,1533772800,60,-54.81,-68.31,41.0,17.22
1217,75,1533772800,60,-54.81,-68.31,41.0,17.22
1218,92,1533776963,100,-7.93,-14.42,76.83,19.48
1219,68,1533776974,45,47.32,47.38,75.25,11.77
1220,75,1533772800,60,-54.81,-68.31,41.0,17.22
1221,0,1533776962,45,28.42,30.79,77.28,10.87
1222,75,1533772800,60,-54.81,-68.31,41.0,17.22
1223,75,1533772800,60,-54.81,-68.31,41.0,17.22
1224,75,1533772800,60,-54.81,-68.31,41.0,17.22
1225,75,1533772800,60,-54.81,-68.31,41.0,17.22
1226,75,1533772800,88,-22.97,-42.02,69.8,12.75
1227,92,1533776964,99,-21.64,-41.05,73.36,13.67
1228,12,1533776962,77,73.51,80.55,50.73,19.37
1229,92,1533776963,100,-7.93,-14.42,76.83,19.48
1230,12,1533776962,77,73.51,80.55,50.73,19.37
1231,12,1533776962,77,73.51,80.55,50.73,19.37
1232,92,1533776963,100,-7.93,-14.42,76.83,19.48
1233,8,1533776962,67,-46.43,-67.52,45.69,14.12
1234,75,1533772800,60,-54.81,-68.31,41.0,17.22
1235,92,1533776963,100,-7.93,-14.42,76.83,19.48
1236,75,1533772800,60,-54.81,-68.31,41.0,17.22
1237,92,1533776963,100,-7.93,-14.42,76.83,19.48
1238,92,1533776967,95,-30.17,-50.22,62.38,4.83
1239,92,1533776963,100,-7.93,-14.42,76.83,19.48
1240,75,1533772800,88,-22.97,-42.02,69.8,12.75
1241,92,1533776963,100,-7.93,-14.42,76.83,19.48
1242,75,1533772800,60,-54.81,-68.31,41.0,17.22
1243,0,1533774000,49,38.35,38.32,71.6,20.8
1244,12,1533776962,77,73.51,80.55,50.73,19.37
1245,40,1533776400,78,-3.71,-38.6,78.8,9.17
1246,92,1533776963,100,-7.93,-14.42,76.83,19.48
1247,75,1533772800,88,-22.97,-42.02,69.8,12.75
1248,80,1533776981,96,5.52,5.75,73.09,5.5
1249,75,1533772800,60,-54.81,-68.31,41.0,17.22
1250,75,1533774600,94,42.2,42.2,69.8,4.7
1251,76,1533776976,50,47.24,47.04,75.84,12.33
1252,0,1533776970,73,50.14,48.57,61.71,9.19
1253,0,1533772200,41,39.11,39.55,75.2,9.17
1254,75,1533772800,60,-54.81,-68.31,41.0,17.22
1255,0,1533776969,39,25.34,30.55,78.81,5.73
1256,75,1533772800,60,-54.81,-68.31,41.0,17.22
1257,75,1533772800,60,-54.81,-68.31,41.0,17.22
1258,48,1533776999,92,-32.03,-52.1,56.13,15.68
1259,0,1533772200,41,39.11,39.55,75.2,9.17
1260,92,1533776995,97,41.09,40.73,53.34,1.36
1261,92,1533776964,99,-21.64,-41.05,73.36,13.67
1262,92,1533776963,100,-7.93,-14.42,76.83,19.48
1263,24,1533776996,81,61.92,63.02,50.05,5.17
1264,92,1533776989,99,58.11,57.8,54.69,10.2
1265,0,1533776961,80,51.2,49.73,59.91,9.86
1266,92,1533776969,97,4.87,-2.24,77.46,11.54
1267,36,1533776990,97,-34.48,-54.34,49.56,3.94
1268,92,1533776982,98,57.36,57.24,55.99,14.45
1269,75,1533772800,60,-54.81,-68.31,41.0,17.22
1270,90,1533774600,94,41.67,41.69,71.6,6.93
1271,0,1533776970,73,50.14,48.57,61.71,9.19
1272,0,1533774000,49,38.35,38.32,71.6,20.8
1273,92,1533776989,99,58.11,57.8,54.69,10.2
1274,75,1533772800,60,-54.81,-68.31,41.0,17.22
1275,12,1533776962,77,73.51,80.55,50.73,19.37
1276,92,1533776963,100,-7.93,-14.42,76.83,19.48
1277,92,1533776978,99,11.75,11.96,70.03,0.13
1278,92,1533776963,100,-7.93,-14.42,76.83,19.48
1279,92,1533776961,99,4.89,-1.75,76.02,8.75
1280,0,1533776970,73,50.14,48.57,61.71,9.19
1281,64,1533776979,96,8.5,8.51,69.99,4.27
1282,92,1533776963,100,-7.93,-14.42,76.83,19.48
1283,0,1533776962,45,28.42,30.79,77.28,10.87
1284,75,1533772800,60,-54.81,-68.31,41.0,17.22
1285,75,1533772800,60,-54.81,-68.31,41.0,17.22
1286,12,1533776962,77,73.51,80.55,50.73,19.37
1287,40,1533776400,78,-3.71,-38.6,78.8,9.17
1288,0,1533776969,92,13.32,12.61,71.74,8.3
1289,75,1533772800,88,-22.97,-42.02,69.8,12.75
1290,92,1533776961,99,4.89,-1.75,76.02,8.75
1291,75,1533774000,73,41.02,40.52,73.4,4.7
1292,75,1533772800,60,-54.81,-68.31,41.0,17.22
1293,0,1533776970,73,50.14,48.57,61.71,9.19
1294,92,1533776963,100,-7.93,-14.42,76.83,19.48
1295,20,1533772800,94,5.79,0.9,75.2,12.75
1296,92,1533776967,95,-30.17,-50.22,62.38,4.83
1297,88,1533776991,98,10.31,9.85,67.02,2.59
1298,75,1533772800,60,-54.81,-68.31,41.0,17.22
1299,24,1533776996,81,61.92,63.02,50.05,5.17
1300,12,1533776962,77,73.51,80.55,50.73,19.37
1301,75,1533772800,60,-54.81,-68.31,41.0,17.22
1302,75,1533772800,60,-54.81,-68.31,41.0,17.22
1303,92,1533776963,100,-7.93,-14.42,76.83,19.48
1304,92,1533776963,100,-7.93,-14.42,76.83,19.48
1305,75,1533772800,60,-54.81,-68.31,41.0,17.22
1306,68,1533776974,45,47.32,47.38,75.25,11.77
1307,92,1533776969,97,4.87,-2.24,77.46,11.54
1308,75,1533772800,60,-54.81,-68.31,41.0,17.22
1309,12,1533776993,95,52.53,52.75,55.32,10.42
1310,92,1533776972,96,40.26,40.22,54.87,2.48
1311,92,1533776963,100,-7.93,-14.42,76.83,19.48
1312,75,1533772800,60,-54.81,-68.31,41.0,17.22
1313,12,1533776962,77,73.51,80.55,50.73,19.37
1314,92,1533776964,99,-21.64,-41.05,73.36,13.67
1315,75,1533772800,88,-22.97,-42.02,69.8,12.75
1316,40,1533776400,78,-3.71,-38.6,78.8,9.17
1317,75,1533772800,60,-54.81,-68.31,41.0,17.22
1318,88,1533776991,98,10.31,9.85,67.02,2.59
1319,92,1533776989,99,58.11,57.8,54.69,10.2
1320,92,1533776963,100,66.83,70.83,48.21,23.51
1321,92,1533776972,96,40.26,40.22,54.87,2.48
1322,92,1533777010,71,44.22,44.35,75.61,3.38
1323,75,1533772800,60,-54.81,-68.31,41.0,17.22
1324,92,1533776963,100,-7.93,-14.42,76.83,19.48
1325,12,1533776962,77,73.51,80.55,50.73,19.37
1326,92,1533776967,95,-30.17,-50.22,62.38,4.83
1327,75,1533772800,60,-54.81,-68.31,41.0,17.22
1328,92,1533776975,98,66.56,67.8,48.34,13.33
1329,75,1533772800,60,-54.81,-68.31,41.0,17.22
1330,12,1533776962,77,73.51,80.55,50.73,19.37
1331,88,1533777009,92,9.92,8.9,69.13,3.6
1332,12,1533776962,77,73.51,80.55,50.73,19.37
1333,12,1533776962,77,73.51,80.55,50.73,19.37
1334,12,1533776962,77,73.51,80.55,50.73,19.37
1335,76,1533776967,99,-17.73,-39.27,76.33,10.76
1336,88,1533776877,95,-33.69,-53.46,53.56,11.54
1337,20,1533772800,94,5.79,0.9,75.2,12.75
1338,12,1533776962,77,73.51,80.55,50.73,19.37
1339,92,1533776967,95,-30.17,-50.22,62.38,4.83
1340,64,1533777042,90,11.24,4.91,74.26,2.82
1341,75,1533772800,60,-54.81,-68.31,41.0,17.22
1342,8,1533776962,67,-46.43,-67.52,45.69,14.12
1343,80,1533776981,96,5.52,5.75,73.09,5.5
1344,92,1533776963,100,-7.93,-14.42,76.83,19.48
1345,44,1533777000,92,47.7,142.03,61.21,7.96
1346,75,1533772800,60,-54.81,-68.31,41.0,17.22
1347,92,1533776963,100,-7.93,-14.42,76.83,19.48
1348,12,1533776962,77,73.51,80.55,50.73,19.37
1349,12,1533776962,77,73.51,80.55,50.73,19.37
1350,32,1533776974,28,29.03,21.55,91.0,11.1
1351,40,1533776400,78,-3.71,-38.6,78.8,9.17
1352,75,1533772800,60,-54.81,-68.31,41.0,17.22
1353,12,1533776962,77,73.51,80.55,50.73,19.37
1354,80,1533776981,96,5.52,5.75,73.09,5.5
1355,92,1533776978,99,11.75,11.96,70.03,0.13
1356,68,1533776974,45,47.32,47.38,75.25,11.77
1357,92,1533776963,100,-7.93,-14.42,76.83,19.48
1358,75,1533772800,60,-54.81,-68.31,41.0,17.22
1359,92,1533776964,99,-21.64,-41.05,73.36,13.67
1360,12,1533776962,77,73.51,80.55,50.73,19.37
1361,75,1533772800,60,-54.81,-68.31,41.0,17.22
1362,40,1533776400,78,-3.71,-38.6,78.8,9.17
1363,92,1533776963,100,-7.93,-14.42,76.83,19.48
1364,8,1533776962,67,-46.43,-67.52,45.69,14.12
1365,12,1533776962,77,73.51,80.55,50.73,19.37
1366,92,1533776963,100,-7.93,-14.42,76.83,19.48
1367,92,1533776963,100,-7.93,-14.42,76.83,19.48
1368,48,1533776704,79,63.19,64.42,53.11,6.85
1369,92,1533776963,100,66.83,70.83,48.21,23.51
1370,48,1533776995,85,66.54,66.62,48.66,13.89
1371,92,1533776975,98,66.56,67.8,48.34,13.33
1372,92,1533776963,100,66.83,70.83,48.21,23.51
1373,90,1533774600,94,41.19,40.99,71.6,6.93
1374,75,1533772800,60,-54.81,-68.31,41.0,17.22
1375,75,1533772800,88,-22.97,-42.02,69.8,12.75
1376,24,1533776972,96,-38.55,-58.74,44.07,18.48
1377,0,1533772200,44,37.03,36.63,78.8,17.22
1378,8,1533776993,88,52.51,52.07,56.76,11.77
1379,20,1533776981,96,5.26,-0.76,72.73,8.19
1380,75,1533772800,60,-54.81,-68.31,41.0,17.22
1381,80,1533776981,96,5.52,5.75,73.09,5.5
1382,32,1533776974,28,29.03,21.55,91.0,11.1
1383,75,1533772800,60,-54.81,-68.31,41.0,17.22
1384,75,1533772800,88,-22.97,-42.02,69.8,12.75
1385,75,1533772800,60,-54.81,-68.31,41.0,17.22
1386,80,1533776997,95,6.71,6.33,74.58,8.41
1387,88,1533776970,92,6.26,6.15,74.31,7.96
1388,75,1533772800,60,-54.81,-68.31,41.0,17.22
1389,40,1533776400,78,-3.71,-38.6,78.8,9.17
1390,40,1533776400,78,-3.71,-38.6,78.8,9.17
1391,44,1533777027,40,46.17,45.34,79.26,15.12
1392,92,1533776963,100,-7.93,-14.42,76.83,19.48
1393,75,1533772800,60,-54.81,-68.31,41.0,17.22
1394,92,1533776963,100,-7.93,-14.42,76.83,19.48
1395,0,1533774000,49,38.35,38.32,71.6,20.8
1396,8,1533776963,100,4.42,-7.36,77.86,11.32
1397,92,1533776963,100,-7.93,-14.42,76.83,19.48
